w-QFipiDipk,phaco,
zo9kz_vUVN4,Chalazion,
GZHr1fRgFRc,Pterygium Surgery with MMC,
HfYRGI9cGEg,cataract surgery,
ExKnSjgCsJM,cataract surgery,
n9Mws8sEyz4,Refractive Surgery,
dmerMYtpX9s,Post op patient of Diplopia Surgery,
IKuEV6WdqlA,Chalazion surgery in topical anaesthesia,
nvd_xh_x5W8,Laser peripheral iridotomy in pupil block glaucoma,
zldgdWYgP9A,How to perform Nd YAG capsulotomy,
wsElLHE6hN8,cataract surgery,
Kr6KE7IZQ58,Strabismus surgery,
r6O_HwzHDK0,Strabismus surgery,
JWUzEW8Sz9E,Strabismus surgery,
3aPsoA6pqvA,Strabismus surgery,
6m_9Bdc_LjY,Strabismus surgery,
LXWrJzm-UR0,Strabismus surgery,
i66dHgrbowk,Corneal,
Nj_ace2-SC4,Corneal,PTK
bYU4xjY67Fw,Eyelid,
x_shfI1tWAs,Eyelid,
rFD0F8n6Lr0,Eyelid,
zo9kz_vUVN4,Eyelid,
A0U1916ABcs,Eyelid,
egzswYD9sfc,Eyelid,
oCsbCMC4AZY,Eyelid,
5M-PDBe0yVM,Glaucoma,
b_s9uM3iVIA,Glaucoma,
bj2tFiVW3i0,Glaucoma,
wpWVLsFm0QY,Glaucoma,
7dtqYfnVyzs,Glaucoma,
qolAOJAPtX4,Glaucoma,
hX-zPI22Oso,Vitrectomy,
eFh404oefB4,Vitrectomy,
q5zZ-0Oe51c,Vitrectomy,
asInB6y8nxs,Vitrectomy,
9MmiKxiT_Q0,Vitrectomy,
IPGDiClX5bA,Vitrectomy,
alOfMqvHZHI,Vitrectomy,
fQExeYeBSIk,Vitrectomy,
9xjKiNL8HFo,cataract,
gd-iu1_GUmM,cataract,
4-fsemZvLts,cataract,
qd6IjLQ_m_Q,cataract,
TD0uBSz1x0s,lacrimal,
